timestamp,run_label,seed,num_envs,max_iterations,reward_profile,action_penalty,notes,checkpoint,checkpoint_iteration,success_rate,stage1_alignment_ready_rate,stage1_latched_rate,pregrasp_entry_success_rate,pregrasp_entry_ready_rate,pregrasp_entry_reached_rate,pregrasp_success_rate,pregrasp_hold_ready_rate,pregrasp_held_rate,stage2_pregrasp_ready_rate,stage2_latched_rate,stage2_alignment_ready_rate,stage3_insertion_ready_rate,stage3_latched_rate,stage3_touch_ready_rate,stage4_center_ready_rate,stage4_push_ready_rate,mean_pregrasp_entry_distance,mean_pregrasp_distance,mean_gripper_center_pregrasp_distance,mean_touch_error,mean_distance,mean_alignment,mean_pregrasp_alignment,mean_insertion_alignment,mean_target_contact_penalty,mean_pregrasp_center_progress,mean_insertion_progress,mean_center_push_progress,mean_best_center_push_progress,mean_center_push_improvement,mean_best_target_center_distance,mean_target_center_improvement,mean_target_center_shell_improvement,mean_center_shortest_path_score,mean_stage4_time_pressure,mean_stage3_time_preserve,mean_terminal_success_quality,mean_near_terminal_reward,mean_stage_latch_reward,mean_progressive_stage_weight,mean_moving_pregrasp_fraction,moving_pregrasp_final_rate,moving_pregrasp_step_ready_rate,mean_moving_pregrasp_hold_progress,mean_moving_pregrasp_reward,mean_moving_pregrasp_funnel_reward,mean_moving_pregrasp_exp_reward,mean_moving_pregrasp_shell_improvement,mean_best_moving_pregrasp_distance,mean_final_insertion_reward,mean_pregrasp_line_error,min_distance,mean_reward,checkpoint_path,plot_snapshot_dir,report_path,metrics_csv_path,reward_plot,success_plot,distance_plot,episode_length_plot
2026-05-12T14:37:24,baseline_seed42_128env_1000iter,42,128,1000,baseline,0.01,teacher baseline; TensorBoard live; selector uses mean_distance when success_rate is below 0.01,model_950.pt,950,0.000732421875,,,,,,,,,,,,,,,,,,,,,0.06572656333446503,,,,,,,,,,,,,,,,,,,,,,,,,,,,,,,0.04596196860074997,513.0208129882812,/home/spark-robotics/work/isaac/src/IsaacLab/logs/rsl_rl/mt4_simplified_reach_direct/2026-05-12_14-30-05/model_950.pt,,,,/home/spark-robotics/work/robotarm/mt4_isaac_lab_task/logs/plots/mt4_reward_curve.png,/home/spark-robotics/work/robotarm/mt4_isaac_lab_task/logs/plots/mt4_success_curve.png,/home/spark-robotics/work/robotarm/mt4_isaac_lab_task/logs/plots/mt4_distance_curve.png,/home/spark-robotics/work/robotarm/mt4_isaac_lab_task/logs/plots/mt4_episode_length_curve.png
2026-05-12T15:06:05,pregrasp_axis_seed42_128env_1000iter,42,128,1000,pregrasp_virtual_tip_axis_fixed,0.01,best by mean_pregrasp_distance; success threshold still strict,model_600.pt,600,0.0,,,,,,,,,,,,,,,,,,0.07334186881780624,,,0.057530056685209274,0.45674532651901245,,,,,,,,,,,,,,,,,,,,,,,,,,,,,,0.006959901656955481,1114.442138671875,/home/spark-robotics/work/isaac/src/IsaacLab/logs/rsl_rl/mt4_simplified_reach_direct/2026-05-12_14-59-00/model_600.pt,,,,/home/spark-robotics/work/robotarm/mt4_isaac_lab_task/logs/plots/mt4_reward_curve.png,/home/spark-robotics/work/robotarm/mt4_isaac_lab_task/logs/plots/mt4_success_curve.png,/home/spark-robotics/work/robotarm/mt4_isaac_lab_task/logs/plots/mt4_distance_curve.png,/home/spark-robotics/work/robotarm/mt4_isaac_lab_task/logs/plots/mt4_episode_length_curve.png
2026-05-12T15:47:04,folded_topdown_seed42_128env_1000iter,42,128,1000,folded_topdown_pregrasp,0.01,best selected by balanced pregrasp distance and alignment; top-down folded home baseline,model_999.pt,999,0.000732421875,,,,,,,,,,,,,,,,,,0.07545068114995956,,,0.09776797145605087,0.7838757038116455,,,,,,,,,,,,,,,,,,,,,,,,,,,,,,0.042414985597133636,1012.410888671875,/home/spark-robotics/work/isaac/src/IsaacLab/logs/rsl_rl/mt4_simplified_reach_direct/2026-05-12_15-39-39/model_999.pt,,,,/home/spark-robotics/work/robotarm/mt4_isaac_lab_task/logs/plots/mt4_reward_curve.png,/home/spark-robotics/work/robotarm/mt4_isaac_lab_task/logs/plots/mt4_success_curve.png,/home/spark-robotics/work/robotarm/mt4_isaac_lab_task/logs/plots/mt4_distance_curve.png,/home/spark-robotics/work/robotarm/mt4_isaac_lab_task/logs/plots/mt4_episode_length_curve.png
2026-05-14T15:15:58,gripper_mount_seed42_128env_1000iter,42,128,1000,5axis_gripper_mount_touch,0.01,Arm-like gripper mount; random-target timed reach demo baseline.,model_300.pt,300,0.00048828125,,,,,,,,,,,,,,,,,,0.08708763867616653,,,0.09112615883350372,0.20524856448173523,,,,,,,,,,,,,,,,,,,,,,,,,,,,,,0.024442337453365326,946.7175903320312,/home/spark-robotics/work/isaac/src/IsaacLab/logs/rsl_rl/mt4_simplified_reach_direct/2026-05-14_15-09-29/model_300.pt,,,,/home/spark-robotics/work/robotarm/mt4_isaac_lab_task/logs/plots/mt4_reward_curve.png,/home/spark-robotics/work/robotarm/mt4_isaac_lab_task/logs/plots/mt4_success_curve.png,/home/spark-robotics/work/robotarm/mt4_isaac_lab_task/logs/plots/mt4_distance_curve.png,/home/spark-robotics/work/robotarm/mt4_isaac_lab_task/logs/plots/mt4_episode_length_curve.png
2026-05-14T15:46:18,20260514_153925_45deg_pregrasp_seed42_128env_1000iter_g6627543,42,128,1000,45deg_pregrasp_two_stage,0.012,45-degree deterministic blue pregrasp waypoint; reward improved but success/pregrasp success stayed zero; alignment learned negative direction.,model_550.pt,550,0.0,,,,,,,,,,,,,,,,,,0.14639148116111755,,,0.19944557547569275,-0.8582726716995239,,,,,,,,,,,,,,,,,,,,,,,,,,,,,,0.10350717604160309,358.35980224609375,/home/spark-robotics/work/isaac/src/IsaacLab/logs/rsl_rl/mt4_simplified_reach_direct/2026-05-14_15-39-36/model_550.pt,,,,/home/spark-robotics/work/robotarm/mt4_isaac_lab_task/logs/plots/mt4_reward_curve.png,/home/spark-robotics/work/robotarm/mt4_isaac_lab_task/logs/plots/mt4_success_curve.png,/home/spark-robotics/work/robotarm/mt4_isaac_lab_task/logs/plots/mt4_distance_curve.png,/home/spark-robotics/work/robotarm/mt4_isaac_lab_task/logs/plots/mt4_episode_length_curve.png
2026-05-14T16:06:58,20260514_155506_base_to_blue_visual_16env_300iter,42,16,300,base_to_blue_alignment_visual_check,0.012,"Direction fixed: alignment became positive, but distance/pregrasp success remained poor; useful classroom reward-shaping failure case.",model_299.pt,299,0.0,,,,,,,,,,,,,,,,,,0.3154694437980652,,,0.33829283714294434,0.8672504425048828,,,,,,,,,,,,,,,,,,,,,,,,,,,,,,0.2811233699321747,295.7084045410156,/home/spark-robotics/work/isaac/src/IsaacLab/logs/rsl_rl/mt4_simplified_reach_direct/2026-05-14_15-55-06/model_299.pt,,,,/home/spark-robotics/work/robotarm/mt4_isaac_lab_task/logs/plots/mt4_reward_curve.png,/home/spark-robotics/work/robotarm/mt4_isaac_lab_task/logs/plots/mt4_success_curve.png,/home/spark-robotics/work/robotarm/mt4_isaac_lab_task/logs/plots/mt4_distance_curve.png,/home/spark-robotics/work/robotarm/mt4_isaac_lab_task/logs/plots/mt4_episode_length_curve.png
2026-05-14T17:21:39,20260514_171509_short_gripper_staged_visual_16env_300iter,42,16,300,short_gripper_pregrasp_first_staged,0.012,"Short gripper improved pregrasp distance and produced occasional pregrasp success, but insertion_alignment stayed negative; suggests alignment should come before pregrasp contact.",model_200.pt,200,0.0,,,,,,,,,,,,,,,,,,0.13120007514953613,,,0.11740054935216904,0.6706182956695557,0.7407506108283997,-0.5937567949295044,0.0004901349893771112,,0.9168220162391663,,,,,,,,,,,,,,,,,,,,,,,,,0.056538913398981094,500.38189697265625,/home/spark-robotics/work/isaac/src/IsaacLab/logs/rsl_rl/mt4_simplified_reach_direct/2026-05-14_17-15-09/model_200.pt,,,,/home/spark-robotics/work/robotarm/mt4_isaac_lab_task/logs/plots/mt4_reward_curve.png,/home/spark-robotics/work/robotarm/mt4_isaac_lab_task/logs/plots/mt4_success_curve.png,/home/spark-robotics/work/robotarm/mt4_isaac_lab_task/logs/plots/mt4_distance_curve.png,/home/spark-robotics/work/robotarm/mt4_isaac_lab_task/logs/plots/mt4_episode_length_curve.png
2026-05-14T17:30:02,20260514_172350_alignment_first_visual_16env_300iter,42,16,300,short_gripper_alignment_first_staged,0.012,"Swapped stage order: insertion alignment first, then pregrasp. Insertion alignment became strongly positive and stage2 readiness appeared; stage3/final success remains sparse.",model_200.pt,200,0.0,,,,,,,,,,,,,,,,,,0.15324579179286957,,,0.15140493214130402,0.9693752527236938,0.29274290800094604,0.9693752527236938,0.0,,0.8634967803955078,,,,,,,,,,,,,,,,,,,,,,,,,0.09993132948875427,1607.2362060546875,/home/spark-robotics/work/isaac/src/IsaacLab/logs/rsl_rl/mt4_simplified_reach_direct/2026-05-14_17-23-50/model_200.pt,,,,/home/spark-robotics/work/robotarm/mt4_isaac_lab_task/logs/plots/mt4_reward_curve.png,/home/spark-robotics/work/robotarm/mt4_isaac_lab_task/logs/plots/mt4_success_curve.png,/home/spark-robotics/work/robotarm/mt4_isaac_lab_task/logs/plots/mt4_distance_curve.png,/home/spark-robotics/work/robotarm/mt4_isaac_lab_task/logs/plots/mt4_episode_length_curve.png
2026-05-14T17:44:01,20260514_173715_stage3_softened_visual_16env_300iter,42,16,300,short_gripper_alignment_first_stage3_softened,0.012,Teacher/Codex separated decision log added. Stage3 gate and classroom success band softened after alignment-first improved insertion direction; best checkpoint favors stage3 readiness with low contact penalty.,model_50.pt,50,0.0,,,,,,0.236328125,,,,,0.97265625,0.03125,,,,,,0.15286558866500854,,,0.14324891567230225,0.8894004821777344,-0.2629144787788391,0.8894004821777344,7.344795449171215e-06,,0.7120041847229004,,,,,,,,,,,,,,,,,,,,,,,,,0.06525388360023499,1054.6904296875,/home/spark-robotics/work/isaac/src/IsaacLab/logs/rsl_rl/mt4_simplified_reach_direct/2026-05-14_17-37-15/model_50.pt,,,,/home/spark-robotics/work/robotarm/mt4_isaac_lab_task/logs/plots/mt4_reward_curve.png,/home/spark-robotics/work/robotarm/mt4_isaac_lab_task/logs/plots/mt4_success_curve.png,/home/spark-robotics/work/robotarm/mt4_isaac_lab_task/logs/plots/mt4_distance_curve.png,/home/spark-robotics/work/robotarm/mt4_isaac_lab_task/logs/plots/mt4_episode_length_curve.png
2026-05-14T17:53:51,20260514_174710_stage3_softened_128env_1000iter,42,128,1000,short_gripper_alignment_first_stage3_softened,0.012,"Full baseline after stage3 softening. Stage3 readiness became high and contact penalty stayed zero at selected checkpoint; final success remains sparse, so next bottleneck is touch-depth precision.",model_650.pt,650,0.0,,,,,,0.85986328125,,,,,0.9150390625,0.688720703125,,,,,,0.05889850854873657,,,0.11983174830675125,0.8350418210029602,-0.28019970655441284,0.8350418210029602,0.0,,0.10017190873622894,,,,,,,,,,,,,,,,,,,,,,,,,0.08338484168052673,3398.302490234375,/home/spark-robotics/work/isaac/src/IsaacLab/logs/rsl_rl/mt4_simplified_reach_direct/2026-05-14_17-47-10/model_650.pt,,,,/home/spark-robotics/work/robotarm/mt4_isaac_lab_task/logs/plots/mt4_reward_curve.png,/home/spark-robotics/work/robotarm/mt4_isaac_lab_task/logs/plots/mt4_success_curve.png,/home/spark-robotics/work/robotarm/mt4_isaac_lab_task/logs/plots/mt4_distance_curve.png,/home/spark-robotics/work/robotarm/mt4_isaac_lab_task/logs/plots/mt4_episode_length_curve.png
2026-05-14T18:50:03,20260514_184219_touch_depth_128env_1000iter,42,128,1000,touch_depth_precision_v1,0.012,"Added touch-depth reward and stage3_touch_ready metric. Result: stage3 path readiness stayed high and success improved slightly, but touch-depth remains sparse; next step should change curriculum/target geometry rather than only increasing scalar reward.",model_550.pt,550,0.001708984375,,,,,,0.783935546875,,,,,0.896484375,0.69189453125,,0.001708984375,,,,0.07242410629987717,,0.09006259590387344,0.13006259500980377,0.8034451603889465,-0.1639552116394043,0.8034451603889465,0.0,,0.09177142381668091,,,,,,,,,,,,,,,,,,,,,,,,,0.08455204963684082,3339.349853515625,/home/spark-robotics/work/isaac/src/IsaacLab/logs/rsl_rl/mt4_simplified_reach_direct/2026-05-14_18-42-19/model_550.pt,,,,/home/spark-robotics/work/robotarm/mt4_isaac_lab_task/logs/plots/mt4_reward_curve.png,/home/spark-robotics/work/robotarm/mt4_isaac_lab_task/logs/plots/mt4_success_curve.png,/home/spark-robotics/work/robotarm/mt4_isaac_lab_task/logs/plots/mt4_distance_curve.png,/home/spark-robotics/work/robotarm/mt4_isaac_lab_task/logs/plots/mt4_episode_length_curve.png
2026-05-14T19:08:14,stage_b_insertion_seed42_128env_500iter,42,128,500,stage_b_insertion,0.010,Resume from touch-depth best checkpoint; Stage-B narrows targets and emphasizes final insertion depth.,model_800.pt,800,0.000244140625,,,,,,0.878662109375,,,,,0.93603515625,0.000244140625,,0.000244140625,,,,0.09452423453330994,,0.05733250454068184,0.09733249247074127,0.861351728439331,-0.21304893493652344,0.861351728439331,0.0,,0.8214305639266968,,,,,,,,,,,,,,,,,,,,,,,,,0.06380301713943481,2718.988525390625,/home/spark-robotics/work/isaac/src/IsaacLab/logs/rsl_rl/mt4_simplified_reach_direct/2026-05-14_19-01-55/model_800.pt,,,,/home/spark-robotics/work/robotarm/mt4_isaac_lab_task/logs/plots/mt4_reward_curve.png,/home/spark-robotics/work/robotarm/mt4_isaac_lab_task/logs/plots/mt4_success_curve.png,/home/spark-robotics/work/robotarm/mt4_isaac_lab_task/logs/plots/mt4_distance_curve.png,/home/spark-robotics/work/robotarm/mt4_isaac_lab_task/logs/plots/mt4_episode_length_curve.png
2026-05-14T20:26:04,stage_b_replay_reset_seed42_128env_500iter,42,128,500,stage_b_replay_reset,0.010,"Stage-B replay reset starts from collected pregrasp states; highest success appears at replay-initial checkpoint, while later training lowers touch error but success remains sparse.",model_800.pt,800,0.01123046875,,,,,,0.659912109375,,,,,0.73291015625,0.014404296875,,0.014404296875,,,,0.14636477828025818,,0.12020038068294525,0.16020037233829498,0.667926013469696,0.12840211391448975,0.667926013469696,0.0,,0.5567837953567505,,,,,,,,,,,,,,,,,,,,,,,,,0.05844040960073471,94.16410827636719,/home/spark-robotics/work/isaac/src/IsaacLab/logs/rsl_rl/mt4_simplified_reach_direct/2026-05-14_20-22-06/model_800.pt,,,,/home/spark-robotics/work/robotarm/mt4_isaac_lab_task/logs/plots/mt4_reward_curve.png,/home/spark-robotics/work/robotarm/mt4_isaac_lab_task/logs/plots/mt4_success_curve.png,/home/spark-robotics/work/robotarm/mt4_isaac_lab_task/logs/plots/mt4_distance_curve.png,/home/spark-robotics/work/robotarm/mt4_isaac_lab_task/logs/plots/mt4_episode_length_curve.png
2026-05-15T11:53:28,stage_renumber_gripper_center_visual_16env_300iter,42,16,300,stage_renumber_gripper_center,0.01,"Stage 2 uses the midpoint between gripper pads as the pregrasp point. Stage1 alignment is high and gripper-center pregrasp distance improved, but final insertion success remains low.",model_299.pt,299,0.0,0.98828125,,,,,0.712890625,0.2421875,0.31640625,0.31640625,,0.98828125,0.01171875,,0.0,,,,0.10828651487827301,0.10828651487827301,0.10005106776952744,0.14005106687545776,0.964180588722229,-0.149257630109787,0.964180588722229,0.0,,0.40404653549194336,,,,,,,,,,,,,,,,,,,,,,,,1.2969819884744993e-08,0.05911850929260254,2109.39453125,/home/spark-robotics/work/isaac/src/IsaacLab/logs/rsl_rl/mt4_simplified_reach_direct/2026-05-15_11-47-19/model_299.pt,/home/spark-robotics/work/robotarm/mt4_isaac_lab_task/logs/plots/20260515_114719_stage_renumber_gripper_center_visual_16env_300iter,/home/spark-robotics/work/robotarm/mt4_isaac_lab_task/experiments/20260515_114719_stage_renumber_gripper_center_visual_16env_300iter.md,/home/spark-robotics/work/robotarm/mt4_isaac_lab_task/experiments/20260515_114719_stage_renumber_gripper_center_visual_16env_300iter_metrics.csv,/home/spark-robotics/work/robotarm/mt4_isaac_lab_task/logs/plots/20260515_114719_stage_renumber_gripper_center_visual_16env_300iter/mt4_reward_curve.png,/home/spark-robotics/work/robotarm/mt4_isaac_lab_task/logs/plots/20260515_114719_stage_renumber_gripper_center_visual_16env_300iter/mt4_success_curve.png,/home/spark-robotics/work/robotarm/mt4_isaac_lab_task/logs/plots/20260515_114719_stage_renumber_gripper_center_visual_16env_300iter/mt4_distance_curve.png,/home/spark-robotics/work/robotarm/mt4_isaac_lab_task/logs/plots/20260515_114719_stage_renumber_gripper_center_visual_16env_300iter/mt4_episode_length_curve.png
2026-05-15T12:08:57,pregrasp_entry_stage3_replay_128env_450iter,42,128,450,pregrasp_entry_stage3_replay,0.010,"Pregrasp entry->center->insertion curriculum with replay reset. Best checkpoint reached high stage3 insertion readiness, but final touch/success remains low.",model_600.pt,600,0.0,0.98046875,,0.939208984375,0.931396484375,0.933837890625,0.943603515625,0.927490234375,0.929931640625,0.927490234375,,0.98046875,0.8701171875,,0.0,,,0.06754179298877716,0.04315996170043945,0.04315996170043945,0.0533212348818779,0.09332123398780823,0.856013834476471,0.856013834476471,0.856013834476471,0.0,0.9594475030899048,0.3800821304321289,,,,,,,,,,,,,,,,,,,,,,,,1.4129777348159678e-08,0.07184045761823654,7458.138671875,/home/spark-robotics/work/isaac/src/IsaacLab/logs/rsl_rl/mt4_simplified_reach_direct/2026-05-15_12-05-32/model_600.pt,/home/spark-robotics/work/robotarm/mt4_isaac_lab_task/logs/plots/20260515_120532_pregrasp_entry_stage3_replay_128env_450iter,/home/spark-robotics/work/robotarm/mt4_isaac_lab_task/experiments/20260515_120532_pregrasp_entry_stage3_replay_128env_450iter.md,/home/spark-robotics/work/robotarm/mt4_isaac_lab_task/experiments/20260515_120532_pregrasp_entry_stage3_replay_128env_450iter_metrics.csv,/home/spark-robotics/work/robotarm/mt4_isaac_lab_task/logs/plots/20260515_120532_pregrasp_entry_stage3_replay_128env_450iter/mt4_reward_curve.png,/home/spark-robotics/work/robotarm/mt4_isaac_lab_task/logs/plots/20260515_120532_pregrasp_entry_stage3_replay_128env_450iter/mt4_success_curve.png,/home/spark-robotics/work/robotarm/mt4_isaac_lab_task/logs/plots/20260515_120532_pregrasp_entry_stage3_replay_128env_450iter/mt4_distance_curve.png,/home/spark-robotics/work/robotarm/mt4_isaac_lab_task/logs/plots/20260515_120532_pregrasp_entry_stage3_replay_128env_450iter/mt4_episode_length_curve.png
2026-05-15T12:25:05,final_center_visual_16env_250iter,42,16,250,final_center_capture_visual,0.010,"GUI visual run from model_600 with final center capture reward. Stage3 insertion/touch became strong; stage4 final center success appeared but remained sparse, so next work should use a stage4-specific replay curriculum or slightly relaxed final radius.",model_750.pt,750,0.001953125,0.98828125,,0.40625,0.103515625,0.986328125,0.98828125,0.791015625,0.96875,0.96875,,0.98828125,0.923828125,,0.90234375,0.001953125,,0.09985151141881943,0.07459090650081635,0.07459090650081635,0.019788116216659546,0.05730348080396652,0.8966652154922485,0.8966652154922485,0.8966652154922485,0.0,0.935693085193634,0.8875792026519775,,,,0.11673150956630707,0.00012233149027451873,,,,,,,,,,,,,,,,,,,1.4439212492334264e-08,0.030794596299529076,10331.0849609375,/home/spark-robotics/work/isaac/src/IsaacLab/logs/rsl_rl/mt4_simplified_reach_direct/2026-05-15_12-18-28/model_750.pt,/home/spark-robotics/work/robotarm/mt4_isaac_lab_task/logs/plots/20260515_121828_final_center_visual_16env_250iter,/home/spark-robotics/work/robotarm/mt4_isaac_lab_task/experiments/20260515_121828_final_center_visual_16env_250iter.md,/home/spark-robotics/work/robotarm/mt4_isaac_lab_task/experiments/20260515_121828_final_center_visual_16env_250iter_metrics.csv,/home/spark-robotics/work/robotarm/mt4_isaac_lab_task/logs/plots/20260515_121828_final_center_visual_16env_250iter/mt4_reward_curve.png,/home/spark-robotics/work/robotarm/mt4_isaac_lab_task/logs/plots/20260515_121828_final_center_visual_16env_250iter/mt4_success_curve.png,/home/spark-robotics/work/robotarm/mt4_isaac_lab_task/logs/plots/20260515_121828_final_center_visual_16env_250iter/mt4_distance_curve.png,/home/spark-robotics/work/robotarm/mt4_isaac_lab_task/logs/plots/20260515_121828_final_center_visual_16env_250iter/mt4_episode_length_curve.png
2026-05-15T12:33:44,stage4_center_replay_128env_300iter,42,128,300,stage4_center_replay_small_target,0.008,"Stage4 replay reset with smaller red target radius 0.025m and relaxed final center radius 0.035m. Stage3 touch improved strongly and target contact penalty stayed zero, but stage4 center success remained sparse; next step should reduce action std/exploration or collect states closer to the red center.",model_900.pt,900,0.000244140625,0.972900390625,,0.954345703125,0.660888671875,0.9375,0.957763671875,0.930419921875,0.9375,0.930419921875,,0.972900390625,0.929931640625,,0.9169921875,0.000244140625,,0.09372089803218842,0.06618805229663849,0.06618805229663849,0.03427979350090027,0.06427979469299316,0.8609586954116821,0.8609586954116821,0.8609586954116821,0.0,0.9701886177062988,0.7004839181900024,,,,0.10723148286342621,4.2013802158180624e-05,,,,,,,,,,,,,,,,,,,1.3118444996962353e-08,0.03963880240917206,8838.32421875,/home/spark-robotics/work/isaac/src/IsaacLab/logs/rsl_rl/mt4_simplified_reach_direct/2026-05-15_12-31-14/model_900.pt,/home/spark-robotics/work/robotarm/mt4_isaac_lab_task/logs/plots/20260515_123114_stage4_center_replay_128env_300iter,/home/spark-robotics/work/robotarm/mt4_isaac_lab_task/experiments/20260515_123114_stage4_center_replay_128env_300iter.md,/home/spark-robotics/work/robotarm/mt4_isaac_lab_task/experiments/20260515_123114_stage4_center_replay_128env_300iter_metrics.csv,/home/spark-robotics/work/robotarm/mt4_isaac_lab_task/logs/plots/20260515_123114_stage4_center_replay_128env_300iter/mt4_reward_curve.png,/home/spark-robotics/work/robotarm/mt4_isaac_lab_task/logs/plots/20260515_123114_stage4_center_replay_128env_300iter/mt4_success_curve.png,/home/spark-robotics/work/robotarm/mt4_isaac_lab_task/logs/plots/20260515_123114_stage4_center_replay_128env_300iter/mt4_distance_curve.png,/home/spark-robotics/work/robotarm/mt4_isaac_lab_task/logs/plots/20260515_123114_stage4_center_replay_128env_300iter/mt4_episode_length_curve.png
2026-05-15T12:57:34,stage4_center_push_replay_128env_250iter,42,128,250,stage4_center_push,0.018,Stage4 center-push reward: progress from pregrasp target toward red target center while maintaining insertion alignment and lateral accuracy. Best checkpoint selected before late drift.,model_950.pt,950,0.0,0.963134765625,,0.929443359375,0.370361328125,0.842529296875,0.93212890625,0.842041015625,0.842529296875,0.842529296875,,0.963134765625,0.8388671875,,0.828857421875,0.0,0.729736328125,0.10236390680074692,0.0765104591846466,0.0765104591846466,0.04022194445133209,0.07022193819284439,0.8573260307312012,0.8573260307312012,0.8573260307312012,0.0,0.9319121837615967,0.7289184331893921,0.5227710008621216,,,0.20205876231193542,6.84746919432655e-05,,,,,,,,,,,,,,,,,,,1.4079896359930899e-08,0.04001329094171524,14064.6171875,/home/spark-robotics/work/isaac/src/IsaacLab/logs/rsl_rl/mt4_simplified_reach_direct/2026-05-15_12-55-21/model_950.pt,/home/spark-robotics/work/robotarm/mt4_isaac_lab_task/logs/plots/20260515_125521_stage4_center_push_replay_128env_250iter,/home/spark-robotics/work/robotarm/mt4_isaac_lab_task/experiments/20260515_125521_stage4_center_push_replay_128env_250iter.md,/home/spark-robotics/work/robotarm/mt4_isaac_lab_task/experiments/20260515_125521_stage4_center_push_replay_128env_250iter_metrics.csv,/home/spark-robotics/work/robotarm/mt4_isaac_lab_task/logs/plots/20260515_125521_stage4_center_push_replay_128env_250iter/mt4_reward_curve.png,/home/spark-robotics/work/robotarm/mt4_isaac_lab_task/logs/plots/20260515_125521_stage4_center_push_replay_128env_250iter/mt4_success_curve.png,/home/spark-robotics/work/robotarm/mt4_isaac_lab_task/logs/plots/20260515_125521_stage4_center_push_replay_128env_250iter/mt4_distance_curve.png,/home/spark-robotics/work/robotarm/mt4_isaac_lab_task/logs/plots/20260515_125521_stage4_center_push_replay_128env_250iter/mt4_episode_length_curve.png
2026-05-15T13:05:54,stage4_strong_push_replay_128env_300iter,42,128,300,stage4_strong_push,0.020,"Stronger Stage4 push curriculum: reward new best center-push progress and deeper push after progress 0.5. Improved push progress and produced sparse final center success, but final success remains low.",model_1249.pt,1249,0.000244140625,0.978271484375,,0.903564453125,0.066650390625,0.744140625,0.9755859375,0.713623046875,0.744140625,0.744140625,,0.978271484375,0.744140625,,0.743896484375,0.000244140625,0.264892578125,0.10580159723758698,0.07829289138317108,0.07829289138317108,0.026145214214920998,0.056145213544368744,0.8916689157485962,0.8916689157485962,0.8916689157485962,0.0,0.9784697890281677,0.8524445295333862,0.6130448579788208,0.6594560146331787,0.0006966536166146398,0.2898886799812317,6.049043804523535e-05,,,,,,,,,,,,,,,,,,,1.3503495210898109e-08,0.03411655128002167,16830.7421875,/home/spark-robotics/work/isaac/src/IsaacLab/logs/rsl_rl/mt4_simplified_reach_direct/2026-05-15_13-03-24/model_1249.pt,/home/spark-robotics/work/robotarm/mt4_isaac_lab_task/logs/plots/20260515_130324_stage4_strong_push_replay_128env_300iter,/home/spark-robotics/work/robotarm/mt4_isaac_lab_task/experiments/20260515_130324_stage4_strong_push_replay_128env_300iter.md,/home/spark-robotics/work/robotarm/mt4_isaac_lab_task/experiments/20260515_130324_stage4_strong_push_replay_128env_300iter_metrics.csv,/home/spark-robotics/work/robotarm/mt4_isaac_lab_task/logs/plots/20260515_130324_stage4_strong_push_replay_128env_300iter/mt4_reward_curve.png,/home/spark-robotics/work/robotarm/mt4_isaac_lab_task/logs/plots/20260515_130324_stage4_strong_push_replay_128env_300iter/mt4_success_curve.png,/home/spark-robotics/work/robotarm/mt4_isaac_lab_task/logs/plots/20260515_130324_stage4_strong_push_replay_128env_300iter/mt4_distance_curve.png,/home/spark-robotics/work/robotarm/mt4_isaac_lab_task/logs/plots/20260515_130324_stage4_strong_push_replay_128env_300iter/mt4_episode_length_curve.png
2026-05-15T13:34:14,stage4_shortest_path_replay_128env_300iter,42,128,300,stage4_shortest_path_shell,0.020,"Stage4 diversified reward: distance improvement is scaled by shortest-path score, and red-target distance shells pay only when the policy reaches a closer shell. Improved stage3/touch stability and path score, but push-ready remains low.",model_1548.pt,1548,0.000244140625,0.986328125,,0.917236328125,0.23388671875,0.870361328125,0.986328125,0.81884765625,0.870361328125,0.870361328125,,0.986328125,0.826416015625,,0.820556640625,0.000244140625,0.133544921875,0.09961579740047455,0.07236537337303162,0.07236537337303162,0.028495822101831436,0.05849582329392433,0.9077466726303101,0.9077466726303101,0.9077466726303101,0.0,0.986328125,0.7956183552742004,0.5709028840065002,0.6485042572021484,0.0008456815266981721,0.17202475666999817,6.186078826431185e-05,0.011962890625,0.6540575623512268,,,,,,,,,,,,,,,,,1.3253376174304776e-08,0.037209250032901764,16779.35546875,/home/spark-robotics/work/isaac/src/IsaacLab/logs/rsl_rl/mt4_simplified_reach_direct/2026-05-15_13-31-34/model_1548.pt,/home/spark-robotics/work/robotarm/mt4_isaac_lab_task/logs/plots/20260515_133134_stage4_shortest_path_replay_128env_300iter,/home/spark-robotics/work/robotarm/mt4_isaac_lab_task/experiments/20260515_133134_stage4_shortest_path_replay_128env_300iter.md,/home/spark-robotics/work/robotarm/mt4_isaac_lab_task/experiments/20260515_133134_stage4_shortest_path_replay_128env_300iter_metrics.csv,/home/spark-robotics/work/robotarm/mt4_isaac_lab_task/logs/plots/20260515_133134_stage4_shortest_path_replay_128env_300iter/mt4_reward_curve.png,/home/spark-robotics/work/robotarm/mt4_isaac_lab_task/logs/plots/20260515_133134_stage4_shortest_path_replay_128env_300iter/mt4_success_curve.png,/home/spark-robotics/work/robotarm/mt4_isaac_lab_task/logs/plots/20260515_133134_stage4_shortest_path_replay_128env_300iter/mt4_distance_curve.png,/home/spark-robotics/work/robotarm/mt4_isaac_lab_task/logs/plots/20260515_133134_stage4_shortest_path_replay_128env_300iter/mt4_episode_length_curve.png
2026-05-15T13:46:27,20260515_134344_stage4_time_pressure_128env_300iter,42,128,300,stage4_time_pressure_shortest_path_push,0.020,"Stage4 time pressure added until terminal success; success step returns success bonus only. Slightly raised exploration/action scale. Best model_1600: stage3_touch 0.786, stage4_push 0.199, push_progress 0.605, shortest_path 0.673, stage4_time 0.413, success still sparse.",model_1600.pt,1600,0.00048828125,1.0,,0.838623046875,0.1591796875,0.8271484375,0.99755859375,0.735107421875,0.8271484375,0.8271484375,,1.0,0.79150390625,,0.7861328125,0.00048828125,0.19921875,0.09939469397068024,0.07137905061244965,0.07137905061244965,0.021842429414391518,0.051842428743839264,0.9226829409599304,0.9226829409599304,0.9226829409599304,0.0,1.0,0.8408584594726562,0.6045380234718323,0.668278157711029,0.0005471014301292598,0.21365049481391907,6.008554919390008e-05,0.011962890625,0.673416256904602,0.4132959246635437,,,,,,,,,,,,,,,,1.3899267514716485e-08,0.03657753765583038,16628.873046875,/home/spark-robotics/work/isaac/src/IsaacLab/logs/rsl_rl/mt4_simplified_reach_direct/2026-05-15_13-43-44/model_1600.pt,/home/spark-robotics/work/robotarm/mt4_isaac_lab_task/logs/plots/20260515_134344_20260515_134344_stage4_time_pressure_128env_300iter,/home/spark-robotics/work/robotarm/mt4_isaac_lab_task/experiments/20260515_134344_20260515_134344_stage4_time_pressure_128env_300iter.md,/home/spark-robotics/work/robotarm/mt4_isaac_lab_task/experiments/20260515_134344_20260515_134344_stage4_time_pressure_128env_300iter_metrics.csv,/home/spark-robotics/work/robotarm/mt4_isaac_lab_task/logs/plots/20260515_134344_20260515_134344_stage4_time_pressure_128env_300iter/mt4_reward_curve.png,/home/spark-robotics/work/robotarm/mt4_isaac_lab_task/logs/plots/20260515_134344_20260515_134344_stage4_time_pressure_128env_300iter/mt4_success_curve.png,/home/spark-robotics/work/robotarm/mt4_isaac_lab_task/logs/plots/20260515_134344_20260515_134344_stage4_time_pressure_128env_300iter/mt4_distance_curve.png,/home/spark-robotics/work/robotarm/mt4_isaac_lab_task/logs/plots/20260515_134344_20260515_134344_stage4_time_pressure_128env_300iter/mt4_episode_length_curve.png
2026-05-15T13:52:35,20260515_135155_stage4_relaxed_success_128env_300iter,42,128,300,stage4_relaxed_success_radius_0.055,0.020,"Relaxed final center success radius from 0.035m to 0.055m to create a measurable success signal before tightening. Best model_1600 reached success_rate 0.0286 and stage4_center 0.0413, but stage3/pregrasp stability dropped, so next step should tighten gradually or preserve stage3 gates.",model_1600.pt,1600,0.028564453125,0.9296875,,0.85400390625,0.12158203125,0.135009765625,0.931640625,0.131591796875,0.135009765625,0.135009765625,,0.9296875,0.134033203125,,0.13330078125,0.041259765625,0.00390625,0.11250796914100647,0.0871080532670021,0.0871080532670021,0.04203496128320694,0.07203495502471924,0.8191870450973511,0.8191870450973511,0.8191870450973511,0.0,0.931640625,0.7958601117134094,0.5714872479438782,0.538770854473114,0.0009508461807854474,0.9020024538040161,9.077033610083163e-05,0.010986328125,0.6061863899230957,0.02960856258869171,,,,,,,,,,,,,,,,1.4259404323979652e-08,0.03599186986684799,506.5901184082031,/home/spark-robotics/work/isaac/src/IsaacLab/logs/rsl_rl/mt4_simplified_reach_direct/2026-05-15_13-49-56/model_1600.pt,/home/spark-robotics/work/robotarm/mt4_isaac_lab_task/logs/plots/20260515_134956_20260515_135155_stage4_relaxed_success_128env_300iter,/home/spark-robotics/work/robotarm/mt4_isaac_lab_task/experiments/20260515_134956_20260515_135155_stage4_relaxed_success_128env_300iter.md,/home/spark-robotics/work/robotarm/mt4_isaac_lab_task/experiments/20260515_134956_20260515_135155_stage4_relaxed_success_128env_300iter_metrics.csv,/home/spark-robotics/work/robotarm/mt4_isaac_lab_task/logs/plots/20260515_134956_20260515_135155_stage4_relaxed_success_128env_300iter/mt4_reward_curve.png,/home/spark-robotics/work/robotarm/mt4_isaac_lab_task/logs/plots/20260515_134956_20260515_135155_stage4_relaxed_success_128env_300iter/mt4_success_curve.png,/home/spark-robotics/work/robotarm/mt4_isaac_lab_task/logs/plots/20260515_134956_20260515_135155_stage4_relaxed_success_128env_300iter/mt4_distance_curve.png,/home/spark-robotics/work/robotarm/mt4_isaac_lab_task/logs/plots/20260515_134956_20260515_135155_stage4_relaxed_success_128env_300iter/mt4_episode_length_curve.png
2026-05-15T13:57:53,20260515_135512_stage4_relaxed045_128env_300iter,42,128,300,stage4_relaxed_success_radius_0.045,0.020,"Tightened relaxed final center radius from 0.055m to 0.045m. Best model_1600 kept meaningful success_rate 0.0144 while improving stage3_touch to 0.3669 versus the 0.055m run. Later iterations improved stage3 but lost final success, suggesting stage-weight/time-weight separation is the next candidate.",model_1600.pt,1600,0.014404296875,0.94384765625,,0.849853515625,0.19970703125,0.37841796875,0.9453125,0.34521484375,0.37841796875,0.377685546875,,0.94384765625,0.373291015625,,0.366943359375,0.014404296875,0.05615234375,0.10824640095233917,0.08221904933452606,0.08221904933452606,0.038439225405454636,0.06843922287225723,0.8356250524520874,0.8356250524520874,0.8356250524520874,0.0,0.9453125,0.7899720072746277,0.5669831037521362,0.5507720112800598,0.0030010524205863476,0.6663490533828735,0.0002521512797102332,0.043212890625,0.6251078248023987,0.12693360447883606,,,,,,,,,,,,,,,,1.3330140546941038e-08,0.036232735961675644,1654.168701171875,/home/spark-robotics/work/isaac/src/IsaacLab/logs/rsl_rl/mt4_simplified_reach_direct/2026-05-15_13-55-22/model_1600.pt,/home/spark-robotics/work/robotarm/mt4_isaac_lab_task/logs/plots/20260515_135522_20260515_135512_stage4_relaxed045_128env_300iter,/home/spark-robotics/work/robotarm/mt4_isaac_lab_task/experiments/20260515_135522_20260515_135512_stage4_relaxed045_128env_300iter.md,/home/spark-robotics/work/robotarm/mt4_isaac_lab_task/experiments/20260515_135522_20260515_135512_stage4_relaxed045_128env_300iter_metrics.csv,/home/spark-robotics/work/robotarm/mt4_isaac_lab_task/logs/plots/20260515_135522_20260515_135512_stage4_relaxed045_128env_300iter/mt4_reward_curve.png,/home/spark-robotics/work/robotarm/mt4_isaac_lab_task/logs/plots/20260515_135522_20260515_135512_stage4_relaxed045_128env_300iter/mt4_success_curve.png,/home/spark-robotics/work/robotarm/mt4_isaac_lab_task/logs/plots/20260515_135522_20260515_135512_stage4_relaxed045_128env_300iter/mt4_distance_curve.png,/home/spark-robotics/work/robotarm/mt4_isaac_lab_task/logs/plots/20260515_135522_20260515_135512_stage4_relaxed045_128env_300iter/mt4_episode_length_curve.png
2026-05-15T14:10:56,20260515_140210_stage4_weighted_balance_128env_300iter,42,128,300,stage4_weighted_balance_stage3_preserve_terminal_quality,0.020,"Added small time-ramped stage3 preserve reward, terminal-only success quality bonus, higher success bonus, and slightly stronger stage4 time penalty. Best model_1600 kept success_rate 0.0132 and slightly improved stage3_touch to 0.3716 versus relaxed045. Later iterations preserve stage3 much better but still lose final center success, so next step should strengthen terminal transition/push rather than stage3 preservation.",model_1600.pt,1600,0.01318359375,0.940673828125,,0.826171875,0.20458984375,0.3818359375,0.94189453125,0.349853515625,0.3818359375,0.38134765625,,0.940673828125,0.374755859375,,0.37158203125,0.01318359375,0.05078125,0.1094258651137352,0.0835830420255661,0.0835830420255661,0.039698489010334015,0.06969849020242691,0.8310829401016235,0.8310829401016235,0.8310829401016235,0.0,0.94189453125,0.7913166284561157,0.5685770511627197,0.5495963096618652,0.0028691214974969625,0.6639295816421509,0.0002373337629251182,0.04052734375,0.6180036067962646,0.13207276165485382,0.07407005876302719,0.0,,,,,,,,,,,,,,1.3408925525482118e-08,0.03681936115026474,1796.7149658203125,/home/spark-robotics/work/isaac/src/IsaacLab/logs/rsl_rl/mt4_simplified_reach_direct/2026-05-15_14-08-19/model_1600.pt,/home/spark-robotics/work/robotarm/mt4_isaac_lab_task/logs/plots/20260515_140819_20260515_140210_stage4_weighted_balance_128env_300iter,/home/spark-robotics/work/robotarm/mt4_isaac_lab_task/experiments/20260515_140819_20260515_140210_stage4_weighted_balance_128env_300iter.md,/home/spark-robotics/work/robotarm/mt4_isaac_lab_task/experiments/20260515_140819_20260515_140210_stage4_weighted_balance_128env_300iter_metrics.csv,/home/spark-robotics/work/robotarm/mt4_isaac_lab_task/logs/plots/20260515_140819_20260515_140210_stage4_weighted_balance_128env_300iter/mt4_reward_curve.png,/home/spark-robotics/work/robotarm/mt4_isaac_lab_task/logs/plots/20260515_140819_20260515_140210_stage4_weighted_balance_128env_300iter/mt4_success_curve.png,/home/spark-robotics/work/robotarm/mt4_isaac_lab_task/logs/plots/20260515_140819_20260515_140210_stage4_weighted_balance_128env_300iter/mt4_distance_curve.png,/home/spark-robotics/work/robotarm/mt4_isaac_lab_task/logs/plots/20260515_140819_20260515_140210_stage4_weighted_balance_128env_300iter/mt4_episode_length_curve.png
2026-05-15T14:21:11,20260515_141527_stage4_near_terminal_128env_300iter,42,128,300,stage4_near_terminal_band_0.050,0.020,"near-terminal bridge reward added; success stayed near weighted baseline, stage3 held, contact penalty remained zero; next candidate is stage latch plus progressive stage weighting",model_1600.pt,1600,0.01416015625,0.943359375,,0.846435546875,0.206787109375,0.3857421875,0.9453125,0.353515625,0.3857421875,0.3857421875,,0.943359375,0.3740234375,,0.370849609375,0.01416015625,0.037841796875,0.10843777656555176,0.08249342441558838,0.08249342441558838,0.03905341029167175,0.06905341148376465,0.8360608816146851,0.8360608816146851,0.8360608816146851,0.0,0.9453125,0.788769543170929,0.5662705302238464,0.5489143133163452,0.0028775944374501705,0.6603312492370605,0.00024703340022824705,0.0439453125,0.616070032119751,0.13307860493659973,0.07492419332265854,0.0,0.034814152866601944,,,,,,,,,,,,,1.3482456040492252e-08,0.03765121102333069,1718.01025390625,/home/spark-robotics/work/isaac/src/IsaacLab/logs/rsl_rl/mt4_simplified_reach_direct/2026-05-15_14-18-24/model_1600.pt,/home/spark-robotics/work/robotarm/mt4_isaac_lab_task/logs/plots/20260515_141824_20260515_141527_stage4_near_terminal_128env_300iter,/home/spark-robotics/work/robotarm/mt4_isaac_lab_task/experiments/20260515_141824_20260515_141527_stage4_near_terminal_128env_300iter.md,/home/spark-robotics/work/robotarm/mt4_isaac_lab_task/experiments/20260515_141824_20260515_141527_stage4_near_terminal_128env_300iter_metrics.csv,/home/spark-robotics/work/robotarm/mt4_isaac_lab_task/logs/plots/20260515_141824_20260515_141527_stage4_near_terminal_128env_300iter/mt4_reward_curve.png,/home/spark-robotics/work/robotarm/mt4_isaac_lab_task/logs/plots/20260515_141824_20260515_141527_stage4_near_terminal_128env_300iter/mt4_success_curve.png,/home/spark-robotics/work/robotarm/mt4_isaac_lab_task/logs/plots/20260515_141824_20260515_141527_stage4_near_terminal_128env_300iter/mt4_distance_curve.png,/home/spark-robotics/work/robotarm/mt4_isaac_lab_task/logs/plots/20260515_141824_20260515_141527_stage4_near_terminal_128env_300iter/mt4_episode_length_curve.png
2026-05-15T14:40:34,20260515_143522_stage4_latched_progressive_128env_300iter,42,128,300,stage4_latched_progressive,0.020,"Teacher idea: latch each completed stage and increase preserved-stage weight after later progress. Codex proposal: keep the weight modest and measure whether stage3 is preserved without losing stage4 center. Result: latch metrics improved strongly, target contact stayed zero, but final center success remained sparse, so next experiment should shift weight from preservation to final insertion after stage3 latch.",model_1600.pt,1600,0.013671875,0.941162109375,0.941162109375,0.833740234375,0.19873046875,0.37158203125,0.94189453125,0.338134765625,0.37158203125,0.37158203125,0.37158203125,0.941162109375,0.35986328125,0.37158203125,0.3564453125,0.013671875,0.044189453125,0.10935408622026443,0.08359281718730927,0.08359281718730927,0.04008273407816887,0.07008273899555206,0.8333340287208557,0.8333340287208557,0.8333340287208557,0.0,0.94189453125,0.7892683744430542,0.5666497945785522,0.5496145486831665,0.002822721842676401,0.6730614304542542,0.00023376769968308508,0.040771484375,0.6094434261322021,0.13289549946784973,0.07410618662834167,0.0,0.03383587673306465,0.330735445022583,1.0618454217910767,,,,,,,,,,,1.3428857137398609e-08,0.037372179329395294,1731.4957275390625,/home/spark-robotics/work/isaac/src/IsaacLab/logs/rsl_rl/mt4_simplified_reach_direct/2026-05-15_14-36-12/model_1600.pt,/home/spark-robotics/work/robotarm/mt4_isaac_lab_task/logs/plots/20260515_143612_20260515_143522_stage4_latched_progressive_128env_300iter,/home/spark-robotics/work/robotarm/mt4_isaac_lab_task/experiments/20260515_143612_20260515_143522_stage4_latched_progressive_128env_300iter.md,/home/spark-robotics/work/robotarm/mt4_isaac_lab_task/experiments/20260515_143612_20260515_143522_stage4_latched_progressive_128env_300iter_metrics.csv,/home/spark-robotics/work/robotarm/mt4_isaac_lab_task/logs/plots/20260515_143612_20260515_143522_stage4_latched_progressive_128env_300iter/mt4_reward_curve.png,/home/spark-robotics/work/robotarm/mt4_isaac_lab_task/logs/plots/20260515_143612_20260515_143522_stage4_latched_progressive_128env_300iter/mt4_success_curve.png,/home/spark-robotics/work/robotarm/mt4_isaac_lab_task/logs/plots/20260515_143612_20260515_143522_stage4_latched_progressive_128env_300iter/mt4_distance_curve.png,/home/spark-robotics/work/robotarm/mt4_isaac_lab_task/logs/plots/20260515_143612_20260515_143522_stage4_latched_progressive_128env_300iter/mt4_episode_length_curve.png
2026-05-15T14:58:41,20260515_144523_stage4_guided_blue_128env_300iter,42,128,300,stage4_guided_blue_final_insertion,0.020,"Teacher idea: move the blue pregrasp marker toward the red target in two or three steps after alignment/reach. Codex proposal: cap the moving blue guide at 70 percent of the safe touch path, then enable final-insertion reward only after the guided stages. Result: moving guide worked and stage4 push improved by the final checkpoint, but strict final center success still selected the initial checkpoint; next step should use a guided-progress checkpoint for play or relax/tune the final center condition.",model_1600.pt,1600,0.018798828125,0.94384765625,0.944580078125,0.836181640625,0.23779296875,0.359619140625,0.9453125,0.3291015625,0.359619140625,0.35888671875,0.359619140625,0.94384765625,0.290283203125,0.359619140625,0.21484375,0.018798828125,0.03125,0.10204832255840302,0.07706747949123383,0.07706747949123383,0.03900476172566414,0.06900475919246674,0.8333975076675415,0.8333975076675415,0.8333975076675415,0.0,0.9411343336105347,0.7204989194869995,0.5111647248268127,0.5410166382789612,0.001494712196290493,0.6878018975257874,0.0002776992623694241,0.048095703125,0.6048051118850708,0.08614583313465118,0.04786735773086548,0.0,0.02619176171720028,0.31631311774253845,0.9900518655776978,0.097412109375,0.124755859375,,,0.09230536222457886,,,,,0.0035710891243070364,1.3604079640572309e-08,0.03757483884692192,984.3217163085938,/home/spark-robotics/work/isaac/src/IsaacLab/logs/rsl_rl/mt4_simplified_reach_direct/2026-05-15_14-54-32/model_1600.pt,/home/spark-robotics/work/robotarm/mt4_isaac_lab_task/logs/plots/20260515_145432_20260515_144523_stage4_guided_blue_128env_300iter,/home/spark-robotics/work/robotarm/mt4_isaac_lab_task/experiments/20260515_145432_20260515_144523_stage4_guided_blue_128env_300iter.md,/home/spark-robotics/work/robotarm/mt4_isaac_lab_task/experiments/20260515_145432_20260515_144523_stage4_guided_blue_128env_300iter_metrics.csv,/home/spark-robotics/work/robotarm/mt4_isaac_lab_task/logs/plots/20260515_145432_20260515_144523_stage4_guided_blue_128env_300iter/mt4_reward_curve.png,/home/spark-robotics/work/robotarm/mt4_isaac_lab_task/logs/plots/20260515_145432_20260515_144523_stage4_guided_blue_128env_300iter/mt4_success_curve.png,/home/spark-robotics/work/robotarm/mt4_isaac_lab_task/logs/plots/20260515_145432_20260515_144523_stage4_guided_blue_128env_300iter/mt4_distance_curve.png,/home/spark-robotics/work/robotarm/mt4_isaac_lab_task/logs/plots/20260515_145432_20260515_144523_stage4_guided_blue_128env_300iter/mt4_episode_length_curve.png
2026-05-15T15:09:12,20260515_150245_stage4_blue_center_128env_300iter,42,128,300,stage4_blue_center_curriculum,0.020,"Teacher idea: move final blue marker to the red sphere center and treat following blue as the final success path. Codex proposal: add MOVING_PREGRASP_GOAL=center, set desired touch distance to zero, and keep non-gripper target contact penalty active. Result: guided blue path worked well (moving_pregrasp_final_rate best 0.8420), safety stayed clean (target_contact_penalty 0.0), but strict center success remained low (~0.001), so next step should relax/shape final center success or train a dedicated terminal-center phase.",model_2000.pt,2000,0.0009765625,0.987548828125,0.987548828125,0.958984375,0.84765625,0.8515625,0.979736328125,0.8515625,0.8515625,0.8515625,0.8515625,0.987548828125,0.40380859375,0.8515625,0.2998046875,0.0009765625,0.394287109375,0.0716027170419693,0.06325848400592804,0.06325848400592804,0.061940357089042664,0.061940357089042664,0.9274297952651978,0.9274297952651978,0.9274297952651978,0.0,0.7634834051132202,0.5497733950614929,0.5497733950614929,0.7403669953346252,0.0020629025530070066,0.20105117559432983,2.6639827410690486e-05,0.004638671875,0.2857743501663208,0.20982584357261658,0.013424377888441086,0.0,0.0742000937461853,0.2705465853214264,1.0296646356582642,0.84521484375,0.842041015625,,,0.07100306451320648,,,,,0.04523955285549164,1.336695198972393e-08,0.03883492946624756,8331.4033203125,/home/spark-robotics/work/isaac/src/IsaacLab/logs/rsl_rl/mt4_simplified_reach_direct/2026-05-15_15-05-58/model_2000.pt,/home/spark-robotics/work/robotarm/mt4_isaac_lab_task/logs/plots/20260515_150558_20260515_150245_stage4_blue_center_128env_300iter,/home/spark-robotics/work/robotarm/mt4_isaac_lab_task/experiments/20260515_150558_20260515_150245_stage4_blue_center_128env_300iter.md,/home/spark-robotics/work/robotarm/mt4_isaac_lab_task/experiments/20260515_150558_20260515_150245_stage4_blue_center_128env_300iter_metrics.csv,/home/spark-robotics/work/robotarm/mt4_isaac_lab_task/logs/plots/20260515_150558_20260515_150245_stage4_blue_center_128env_300iter/mt4_reward_curve.png,/home/spark-robotics/work/robotarm/mt4_isaac_lab_task/logs/plots/20260515_150558_20260515_150245_stage4_blue_center_128env_300iter/mt4_success_curve.png,/home/spark-robotics/work/robotarm/mt4_isaac_lab_task/logs/plots/20260515_150558_20260515_150245_stage4_blue_center_128env_300iter/mt4_distance_curve.png,/home/spark-robotics/work/robotarm/mt4_isaac_lab_task/logs/plots/20260515_150558_20260515_150245_stage4_blue_center_128env_300iter/mt4_episode_length_curve.png
2026-05-15T15:34:28,20260515_153141_blue_center_gate_128env_300iter,42,128,300,blue_center_step_gate_radius035_hold4,0.020,"Teacher observation: old play used an existing model and blue marker vanished too quickly, often touching with one gripper finger instead of centering. Codex adjustment: train with smaller visual blue marker, 5 blue guide steps, 0.035m step radius, and 4-frame hold gate before each marker advance. Result: first too-strict 0.018m/8-frame attempt was stopped because moving_pregrasp_final_rate stayed near zero. Relaxed run produced moving guide signal; best checkpoint model_2100 has moving_pregrasp_final_rate 0.019 and stage3_latched 0.892, while live mid-run peaks reached about 0.10 moving final. Strict success is still low, so next step is to increase guided-step reward or use a two-phase schedule before tightening radius.",model_2100.pt,2100,0.000244140625,0.996337890625,0.996337890625,0.81494140625,0.35205078125,0.891845703125,0.996337890625,0.755615234375,0.891845703125,0.891845703125,0.891845703125,0.996337890625,0.849609375,0.891845703125,0.315673828125,0.000244140625,0.07666015625,0.09649670124053955,0.0706396996974945,0.0706396996974945,0.06156041473150253,0.06156041473150253,0.9028548002243042,0.9028548002243042,0.9028548002243042,0.0,0.9803950786590576,0.5554502010345459,0.5554502010345459,0.6803627014160156,0.0009488031500950456,0.16212120652198792,2.585322545201052e-05,0.005615234375,0.4955047070980072,0.45587974786758423,0.06450916826725006,0.0,0.0915495753288269,0.2980523109436035,1.0769546031951904,0.03022461012005806,0.01904296875,0.0068359375,0.00469970703125,0.0064284526742994785,,,,,0.00032534520141780376,1.3265939458051434e-08,0.035465389490127563,11025.2578125,/home/spark-robotics/work/isaac/src/IsaacLab/logs/rsl_rl/mt4_simplified_reach_direct/2026-05-15_15-31-41/model_2100.pt,/home/spark-robotics/work/robotarm/mt4_isaac_lab_task/logs/plots/20260515_153141_20260515_153141_blue_center_gate_128env_300iter,/home/spark-robotics/work/robotarm/mt4_isaac_lab_task/experiments/20260515_153141_20260515_153141_blue_center_gate_128env_300iter.md,/home/spark-robotics/work/robotarm/mt4_isaac_lab_task/experiments/20260515_153141_20260515_153141_blue_center_gate_128env_300iter_metrics.csv,/home/spark-robotics/work/robotarm/mt4_isaac_lab_task/logs/plots/20260515_153141_20260515_153141_blue_center_gate_128env_300iter/mt4_reward_curve.png,/home/spark-robotics/work/robotarm/mt4_isaac_lab_task/logs/plots/20260515_153141_20260515_153141_blue_center_gate_128env_300iter/mt4_success_curve.png,/home/spark-robotics/work/robotarm/mt4_isaac_lab_task/logs/plots/20260515_153141_20260515_153141_blue_center_gate_128env_300iter/mt4_distance_curve.png,/home/spark-robotics/work/robotarm/mt4_isaac_lab_task/logs/plots/20260515_153141_20260515_153141_blue_center_gate_128env_300iter/mt4_episode_length_curve.png
2026-05-15T15:45:23,20260515_153741_blue_funnel_128env_800iter,42,128,800,blue_funnel_broad_radius045_hold2,0.020,"Teacher idea: use the blue guide as a fan/funnel approach region rather than one exact touch point. Codex implementation: added moving_pregrasp_funnel reward and broad 800-iteration curriculum. Result: moving pregrasp improved strongly, but strict final insertion remained near zero; next step is a separate final insertion curriculum.",model_2100.pt,2100,0.00048828125,0.993408203125,1.0,0.85595703125,0.658203125,0.91259765625,1.0,0.79150390625,0.91259765625,0.906005859375,0.91259765625,0.993408203125,0.49169921875,0.91259765625,0.208984375,0.00048828125,0.23388671875,0.07574424147605896,0.06300745904445648,0.06300745904445648,0.05694566294550896,0.05694566294550896,0.9228754043579102,0.9228754043579102,0.9228754043579102,0.0,0.788856029510498,0.4553903341293335,0.4553903341293335,0.7378195524215698,0.0015737706562504172,0.14141599833965302,2.793681233015377e-05,0.00537109375,0.3791886568069458,0.24233399331569672,0.018287722021341324,0.0,0.047901466488838196,0.2992263436317444,1.0357433557510376,0.5543457269668579,0.521728515625,0.110107421875,0.1038818359375,0.07709228992462158,0.16175898909568787,,,,0.014700287021696568,1.3566590517655186e-08,0.026914283633232117,9822.681640625,/home/spark-robotics/work/isaac/src/IsaacLab/logs/rsl_rl/mt4_simplified_reach_direct/2026-05-15_15-38-38/model_2100.pt,/home/spark-robotics/work/robotarm/mt4_isaac_lab_task/logs/plots/20260515_153838_20260515_153741_blue_funnel_128env_800iter,/home/spark-robotics/work/robotarm/mt4_isaac_lab_task/experiments/20260515_153838_20260515_153741_blue_funnel_128env_800iter.md,/home/spark-robotics/work/robotarm/mt4_isaac_lab_task/experiments/20260515_153838_20260515_153741_blue_funnel_128env_800iter_metrics.csv,/home/spark-robotics/work/robotarm/mt4_isaac_lab_task/logs/plots/20260515_153838_20260515_153741_blue_funnel_128env_800iter/mt4_reward_curve.png,/home/spark-robotics/work/robotarm/mt4_isaac_lab_task/logs/plots/20260515_153838_20260515_153741_blue_funnel_128env_800iter/mt4_success_curve.png,/home/spark-robotics/work/robotarm/mt4_isaac_lab_task/logs/plots/20260515_153838_20260515_153741_blue_funnel_128env_800iter/mt4_distance_curve.png,/home/spark-robotics/work/robotarm/mt4_isaac_lab_task/logs/plots/20260515_153838_20260515_153741_blue_funnel_128env_800iter/mt4_episode_length_curve.png
2026-05-15T16:00:07,20260515_155715_blue_shell_exp_128env_300iter,42,128,300,blue_shell_exp_radius035_hold4,0.020,"Teacher idea: use one-shot distance shells and exponential reward for the blue guide, and count final blue-center readiness as success. Result: new exp/shell metrics are active and success_rate reached 0.00146 at selected checkpoint, but moving_pregrasp_final_rate stayed very low, so the current 0.035m/4-frame gate is still too strict for 300 iterations.",model_2100.pt,2100,0.00146484375,0.99462890625,0.99462890625,0.876708984375,0.39599609375,0.9013671875,0.9921875,0.813232421875,0.9013671875,0.9013671875,0.9013671875,0.99462890625,0.798583984375,0.9013671875,0.33544921875,0.000732421875,0.0625,0.08975711464881897,0.06631267070770264,0.06631267070770264,0.06119658797979355,0.06119658797979355,0.8931593298912048,0.8931593298912048,0.8931593298912048,0.0,0.9298063516616821,0.5126351118087769,0.5126351118087769,0.6706870794296265,0.0006754437927156687,0.15122580528259277,3.433509118622169e-05,0.006591796875,0.5448245406150818,0.4179638624191284,0.06488483399152756,0.0,0.1171044185757637,0.311629056930542,1.0758857727050781,0.091796875,0.000732421875,0.019287109375,0.00970458984375,0.017786605283617973,0.028603650629520416,0.07414236664772034,0.014892578125,0.15152236819267273,0.0,1.2541551797085049e-08,0.04794745892286301,9380.0361328125,/home/spark-robotics/work/isaac/src/IsaacLab/logs/rsl_rl/mt4_simplified_reach_direct/2026-05-15_15-57-15/model_2100.pt,/home/spark-robotics/work/robotarm/mt4_isaac_lab_task/logs/plots/20260515_155715_20260515_155715_blue_shell_exp_128env_300iter,/home/spark-robotics/work/robotarm/mt4_isaac_lab_task/experiments/20260515_155715_20260515_155715_blue_shell_exp_128env_300iter.md,/home/spark-robotics/work/robotarm/mt4_isaac_lab_task/experiments/20260515_155715_20260515_155715_blue_shell_exp_128env_300iter_metrics.csv,/home/spark-robotics/work/robotarm/mt4_isaac_lab_task/logs/plots/20260515_155715_20260515_155715_blue_shell_exp_128env_300iter/mt4_reward_curve.png,/home/spark-robotics/work/robotarm/mt4_isaac_lab_task/logs/plots/20260515_155715_20260515_155715_blue_shell_exp_128env_300iter/mt4_success_curve.png,/home/spark-robotics/work/robotarm/mt4_isaac_lab_task/logs/plots/20260515_155715_20260515_155715_blue_shell_exp_128env_300iter/mt4_distance_curve.png,/home/spark-robotics/work/robotarm/mt4_isaac_lab_task/logs/plots/20260515_155715_20260515_155715_blue_shell_exp_128env_300iter/mt4_episode_length_curve.png
